slug,name,country,region
sibelga,Sibelga,be,bru
aieg,AIEG,be,wal
aiesh,AIESH,be,wal
ores_brabant_wallon,ORES (Brabant Wallon),be,wal
ores_est,ORES (EST),be,wal
ores_hainaut_electricite,ORES (Hainaut Electricit√©),be,wal
ores_luxembourg,ORES (Luxembourg),be,wal
ores_mouscron,ORES (Mouscron),be,wal
ores_namur,ORES (Namur),be,wal
ores_verviers,ORES (Verviers),be,wal
tecteo_resa,TECTEO RESA,be,wal
wavre,WAVRE,be,wal
fluvius_gaselwest,Fluvius (Gaselwest),be,vl
fluvius_imewo,Fluvius (Imewo),be,vl
fluvius_intergem,Fluvius (Intergem),be,vl
fluvius_iveka,Fluvius (Iveka),be,vl
fluvius_iverlek,Fluvius (Iverlek),be,vl
fluvius_pbe,Fluvius (Pbe),be,vl
fluvius_sibelgas,Fluvius (Sibelgas),be,vl
fluvius_antwerpen,Fluvius (Antwerpen),be,vl
fluvius_limburg,Fluvius (Limburg),be,vl
fluvius_west,Fluvius (West),be,vl